,precision,recall,f1-score,support
economic,0.9019607843137255,0.8984375,0.9001956947162426,256.0
entertainment,0.9519230769230769,0.9428571428571428,0.9473684210526315,210.0
life,0.8095238095238095,0.8095238095238095,0.8095238095238095,210.0
politic,0.9645232815964523,0.9688195991091314,0.9666666666666667,449.0
sport,0.9671361502347418,0.9856459330143541,0.976303317535545,209.0
technology,0.9174757281553398,0.9043062200956937,0.9108433734939759,209.0
accuracy,0.9254698639014906,0.9254698639014906,0.9254698639014906,0.9254698639014906
macro avg,0.9187571384578576,0.9182650341000219,0.918483547164812,1543.0
weighted avg,0.9253147394416683,0.9254698639014906,0.9253690589934634,1543.0
